text,in_reply_to_user_id,created_at,conversation_id,id,edit_history_tweet_ids,author_id,author_name,label,score
"@MAS
Our Sincere condolences to the victims families and our prayers to Allah to help you.",19106719,"11 March 2014, 8:45:49 AM",442489088122179585,443201094638792704,['443201094638792704'],370492296,alshaghdali,NEU,0.7056946158409119
@MAS ok,19106719,"10 March 2014, 7:31:07 AM",442489088122179585,442819904530427904,['442819904530427904'],94081692,noorhissyam,NEU,0.7493065595626831
"@MAS Majority Malaysian cant do much. But we strongly support You. Wear white on Mon &amp; Tue, let's unite and prays for  MH370",19106719,"9 March 2014, 11:49:50 PM",442489088122179585,442703819521019905,['442703819521019905'],2377387380,HiHiStoreMYS,POS,0.7841740250587463
@MAS god bless to all fly fans mh370,19106719,"9 March 2014, 5:32:44 PM",442489088122179585,442608920574427137,['442608920574427137'],1617833550,santhiran7272,POS,0.9705933332443237
@MAS,19106719,"9 March 2014, 2:18:53 PM",442489088122179585,442560137505411072,['442560137505411072'],1545465552,MdRedzal76,NEU,0.9249069094657898
