text,in_reply_to_user_id,created_at,conversation_id,id,edit_history_tweet_ids,author_id,author_name,label,score
@flyethiopian wining in air and on a land! Really proud of Africa,334032462,"4 April 2019, 2:39:25 PM",1113316029671903233,1113707632609648640,['1113707632609648640'],1110498614667808769,Abel14517174,POS,0.9915437698364258
@flyethiopian Bravo....,334032462,"3 April 2019, 11:43:42 PM",1113316029671903233,1113482214216544261,['1113482214216544261'],1616871385,ImranBepari,NEU,0.9357630014419556
@flyethiopian በነዚ ተጫዎቾች ነው ዋንጫ የበላው??? እረ ሸራዬን አምጡልኝ ተስፋ አለኝ እኔም ሆ,334032462,"3 April 2019, 1:35:47 PM",1113316029671903233,1113329230337720320,['1113329230337720320'],1090827911081414656,AbdellaBakir,NEU,0.9446456432342529
