text,in_reply_to_user_id,created_at,conversation_id,id,edit_history_tweet_ids,author_id,author_name,label,score
@flyethiopian I go for the business one,334032462,"8 April 2019, 1:01:42 AM",1114800455845076992,1114951398175563776,['1114951398175563776'],148405083,EricNjanga,NEU,0.8942769765853882
@flyethiopian Great!!!,334032462,"7 April 2019, 6:22:01 PM",1114800455845076992,1114850813900480512,['1114850813900480512'],259192053,deemereki,POS,0.9917235970497131
@flyethiopian email we,334032462,"7 April 2019, 5:50:39 PM",1114800455845076992,1114842918873968641,['1114842918873968641'],984487330525442048,Victor23956481,NEU,0.9626202583312988
