text,in_reply_to_user_id,created_at,conversation_id,id,edit_history_tweet_ids,author_id,author_name,label,score
@flyethiopian Congratulations,334032462,"12 February 2019, 3:04:36 PM",1094843955936665601,1095232186545000449,['1095232186545000449'],601665717,SeyOmar,POS,0.9836803674697876
@flyethiopian This man deserve more bro .,334032462,"11 February 2019, 9:00:25 PM",1094843955936665601,1094959342279905280,['1094959342279905280'],846692142307258368,MeheretuTirune,POS,0.9694231152534485
@flyethiopian This is s crazy guy!!!!!,334032462,"11 February 2019, 8:14:36 PM",1094843955936665601,1094947815132971009,['1094947815132971009'],858826004634193921,ah_ritafeven,POS,0.8085902333259583
"@flyethiopian Influential indeed, so proud!",334032462,"11 February 2019, 3:27:48 PM",1094843955936665601,1094875637511323648,['1094875637511323648'],968822338547576834,KisanetLalim,POS,0.9922675490379333
@flyethiopian Great to hear that. Just wish your customer service was as consistent as your tweets and your refunds as well. I have waited long enough with this horrible service. The only way to get noticed is by relying to every tweet. I need my MoNEY,334032462,"11 February 2019, 2:45:04 PM",1094843955936665601,1094864885480083456,['1094864885480083456'],869800632705789952,Sam291084,NEG,0.901942789554596
