text,in_reply_to_user_id,created_at,conversation_id,id,edit_history_tweet_ids,author_id,author_name,label,score
@flyethiopian Enroll,334032462,"25 February 2019, 4:51:50 PM",1099916532870717441,1099970217063731201,['1099970217063731201'],3304744037,marktimeline8,NEU,0.9574765563011169
@flyethiopian Enroll*,334032462,"25 February 2019, 1:24:15 PM",1099916532870717441,1099917975686078464,['1099917975686078464'],265604465,theboiler_plate,NEU,0.9603067636489868
