text,in_reply_to_user_id,created_at,conversation_id,id,edit_history_tweet_ids,author_id,author_name,label,score
"@flyethiopian Yes, it seems like I cannot check in online. I will DM you my flight details",334032462,"2 March 2019, 4:09:31 AM",1101352321664122882,1101590312089202688,['1101590312089202688'],2316941846,RavS82,NEG,0.5825808644294739
@flyethiopian Thanks,334032462,"1 March 2019, 12:29:18 PM",1101352321664122882,1101353699811700736,['1101353699811700736'],2316941846,RavS82,NEU,0.5968504548072815
