text,in_reply_to_user_id,created_at,conversation_id,id,edit_history_tweet_ids,author_id,author_name,label,score
@flyethiopian Trust me with our experience it is the worst service provider in terms of customer care.,334032462,"2 March 2019, 1:48:25 PM",1101038571132239874,1101735997715435520,['1101735997715435520'],97437374,valmiksoni,NEG,0.9832452535629272
@flyethiopian Congrats,334032462,"1 March 2019, 11:34:19 AM",1101038571132239874,1101339863369072641,['1101339863369072641'],1076702762426085376,SalisuBako4,POS,0.9801928400993347
@flyethiopian Let us name it #Adwa123,334032462,"28 February 2019, 8:42:13 PM",1101038571132239874,1101115357320962048,['1101115357320962048'],1050382639474065408,FasilS3,NEU,0.9057359099388123
@flyethiopian #B737-800SF @AEI_Conversions @GECAS,334032462,"28 February 2019, 3:50:08 PM",1101038571132239874,1101041850234953728,['1101041850234953728'],1081876641138143232,the_curious_2,NEU,0.9602704048156738
