text,in_reply_to_user_id,created_at,conversation_id,id,edit_history_tweet_ids,author_id,author_name,label,score
@flyethiopian @NorwayinAddis Fantastic crew!,334032462,"9 March 2019, 11:30:27 PM",1103979792674754560,1104419184224751617,['1104419184224751617'],304897670,emuyonga,POS,0.9917200803756714
@flyethiopian @NorwayinAddis Greatly done !,334032462,"9 March 2019, 2:44:32 AM",1103979792674754560,1104105641646452737,['1104105641646452737'],2515008300,makomath,POS,0.985443651676178
@flyethiopian @NorwayinAddis Excellent!Bravo!,334032462,"8 March 2019, 10:55:44 PM",1103979792674754560,1104048061792301057,['1104048061792301057'],954802662838587393,kabbiazi,POS,0.9918457865715027
@flyethiopian @NorwayinAddis Bravo Ethiopian women !,334032462,"8 March 2019, 10:15:11 PM",1103979792674754560,1104037855058259974,['1104037855058259974'],336247738,GedaGg7,POS,0.9800741076469421
@flyethiopian @NorwayinAddis Where is @lucaswafula 's luggage? You guys are such a disappoint. You lose someone's luggage and take forever to recover it... #SemaNaCitizen #FridayThoughts #SatisfyMe #CorruptionKe,334032462,"8 March 2019, 10:08:07 PM",1103979792674754560,1104036075549405184,['1104036075549405184'],103800136,Timranks,NEG,0.9741231799125671
@flyethiopian @NorwayinAddis Where is @lucaswafula 's luggage? You guys are such a disappoint. #SemaNaCitizen #FridayThoughts #SatisfyMe,334032462,"8 March 2019, 10:04:29 PM",1103979792674754560,1104035163221168128,['1104035163221168128'],103800136,Timranks,NEG,0.9753611087799072
