text,in_reply_to_user_id,created_at,conversation_id,id,edit_history_tweet_ids,author_id,author_name,label,score
@AirAsiaल,22919665,"27 December 2014, 7:39:33 PM",548103089027170304,548820481000738817,['548820481000738817'],2933249600,lokendraranama1,NEU,0.9628461003303528
@AirAsia can u give me contact number mr aziz laikar,22919665,"25 December 2014, 8:51:59 PM",548103089027170304,548113933639225344,['548113933639225344'],1319614784,twt_melaka,NEU,0.9718381762504578
