text,in_reply_to_user_id,created_at,conversation_id,id,edit_history_tweet_ids,author_id,author_name,label,score
@AirAsia @AinaaKhairina @sekuntum_isya,22919665,"26 December 2014, 3:50:08 PM",548334936030052352,548400354891542528,['548400354891542528'],307199340,jambufloyd,NEU,0.9672457575798035
@AirAsia cool picture!,22919665,"26 December 2014, 2:25:31 PM",548334936030052352,548379060628242432,['548379060628242432'],2733384234,DeliBite2011,POS,0.9801254868507385
@AirAsia : Visited Kota Kinabalu in Oct this year.....it's amazing !! Beautiful Sabah !,22919665,"26 December 2014, 12:19:15 PM",548334936030052352,548347286271430656,['548347286271430656'],122724779,neetimahajan,POS,0.9923214316368103
