text,in_reply_to_user_id,created_at,conversation_id,id,edit_history_tweet_ids,author_id,author_name,label,score
@AirAsia country's #1 airline 👍🙏✈,22919665,"27 December 2014, 1:47:01 AM",548432769060061185,548550567295860736,['548550567295860736'],356393839,SteelIain,NEU,0.9044529795646667
Thank you @AirAsia for good initiatives in helping the flood victims.I hope other private sectors will contribute the same.  @tonyfernandes,22919665,"26 December 2014, 9:07:55 PM",548432769060061185,548480329317486592,['548480329317486592'],612783144,AKaprawi,POS,0.9876800775527954
"Waktu dilanda musibah, kita tahu siapa kawan, siapa lawan. Terima kasih @AirAsia kerana membantu. #PrayForPantaiTimur #Bah2014",22919665,"26 December 2014, 6:02:41 PM",548432769060061185,548433712535191554,['548433712535191554'],29406737,ATMology,NEU,0.9279700517654419
@AirAsia flight esok ke KB berjalan seperti biasa kew?,22919665,"26 December 2014, 6:00:46 PM",548432769060061185,548433229888253952,['548433229888253952'],628386064,NickEfan,NEU,0.9790332913398743
