text,in_reply_to_user_id,created_at,conversation_id,id,edit_history_tweet_ids,author_id,author_name,label,score
"@AirAsia hey team, still nothing in my email",22919665,"23 January 2015, 3:24:19 AM",558014501245575168,558359526651330560,['558359526651330560'],2944466252,mick24365,NEG,0.9001772999763489
"@AirAsia hi nothing in the junk/spam boxes, thanks",22919665,"22 January 2015, 11:05:31 AM",558014501245575168,558113203201527808,['558113203201527808'],2944466252,mick24365,NEU,0.7508506774902344
