text,in_reply_to_user_id,created_at,conversation_id,id,edit_history_tweet_ids,author_id,author_name,label,score
@AirAsia hotel room charged. Pls revert ASAP.,22919665,"26 January 2015, 6:20:59 AM",557793104536018944,559491148217991170,['559491148217991170'],561873228,emilychiewpc,NEU,0.9248237013816833
@AirAsia I need the answer ASAP. Flight was in morning 14/2 arrive same day. Now you cancelled flight last minute. Need rearrange  hotel.,22919665,"26 January 2015, 6:20:02 AM",557793104536018944,559490911709585409,['559490911709585409'],561873228,emilychiewpc,NEG,0.9621127247810364
@AirAsia booking number SG2Q8X,22919665,"26 January 2015, 6:17:23 AM",557793104536018944,559490243376607232,['559490243376607232'],561873228,emilychiewpc,NEU,0.9662330150604248
"@AirAsia my booking number is SG2Q8X.
Departure is 14/2/2015. Pls change to 13/2/2015. Do revert ASAP. As I had booked room on 14/2.",22919665,"26 January 2015, 6:16:16 AM",557793104536018944,559489961003450370,['559489961003450370'],561873228,emilychiewpc,NEU,0.9753229022026062
