text,in_reply_to_user_id,created_at,conversation_id,id,edit_history_tweet_ids,author_id,author_name,label,score
@AirAsia Pls help to double check. Urgent pls,22919665,"26 January 2015, 3:36:24 PM",559623054192427010,559630925839863808,['559630925839863808'],378568976,rajasakinah,NEU,0.9644488096237183
@AirAsia Wht u mean by past flight? My flight is on 08feb2015,22919665,"26 January 2015, 3:35:45 PM",559623054192427010,559630763021193220,['559630763021193220'],378568976,rajasakinah,NEU,0.9782269597053528
