text,in_reply_to_user_id,created_at,conversation_id,id,edit_history_tweet_ids,author_id,author_name,label,score
@MAS nice cambodia. Can I get cheaper ticket price?  Hehe,19106719,"20 February 2014, 11:34:45 AM",436334446506024960,436358238166986752,['436358238166986752'],1074517322,iamsabrey,POS,0.9238377809524536
@MAS every year i fly to cambodia by MAS. This year maybe SEPTEMBER,19106719,"20 February 2014, 10:09:45 AM",436334446506024960,436336845891186688,['436336845891186688'],379753144,aiensyamsul,NEU,0.9514198303222656
