text,in_reply_to_user_id,created_at,conversation_id,id,edit_history_tweet_ids,author_id,author_name,label,score
"@MAS 
Mm...nice..",19106719,"23 February 2014, 4:49:19 AM",436696800037064704,437343369644093441,['437343369644093441'],2354293338,kaira_emo,POS,0.940157413482666
@MAS wah sedapnya aiskrim,19106719,"21 February 2014, 2:46:31 PM",436696800037064704,436768884364816384,['436768884364816384'],2349706122,xiinurulsuhana,NEU,0.9693551063537598
@MAS OMG sedapnya!,19106719,"21 February 2014, 10:17:57 AM",436696800037064704,436701298180640768,['436701298180640768'],87151126,fxrxheen_ungu,POS,0.7115940451622009
