text,in_reply_to_user_id,created_at,conversation_id,id,edit_history_tweet_ids,author_id,author_name,label,score
@MAS wow...the most tough water rafting exploration,19106719,"25 February 2014, 10:03:45 AM",438146343953911808,438147274804183040,['438147274804183040'],69935471,ahmadraisj,POS,0.9787675142288208
kan @MAS tengah RUGI skrg nie....,19106719,"25 February 2014, 10:00:59 AM",438146343953911808,438146578201575424,['438146578201575424'],353052162,Hasif2x,NEU,0.9760189056396484
