text,in_reply_to_user_id,created_at,conversation_id,id,edit_history_tweet_ids,author_id,author_name,label,score
@MAS wow that's insane!,19106719,"25 February 2014, 3:05:16 PM",438221881347289088,438223153299337216,['438223153299337216'],130870893,Shashikin,POS,0.6149163246154785
@MAS i want flight like this,19106719,"25 February 2014, 3:03:20 PM",438221881347289088,438222667133382656,['438222667133382656'],375650165,marini_insyirah,POS,0.665441632270813
