text,in_reply_to_user_id,created_at,conversation_id,id,edit_history_tweet_ids,author_id,author_name,label,score
"@flyethiopian @globetrotter1_ This is a good reminder for those who oppose privatisation of the airline, apparently it started as PLC with the help of TWA.",334032462,"4 April 2019, 4:08:08 PM",1113701174723665920,1113729957782589440,['1113729957782589440'],786185862786781184,teddygizaw111,POS,0.7454286813735962
@flyethiopian Cool.,334032462,"4 April 2019, 4:03:34 PM",1113701174723665920,1113728807561834496,['1113728807561834496'],872622285659688960,DaruBest,NEU,0.8897793292999268
